id,p2p_id,sim_id,group,random_id,score
9745,b7a6129b-4897-45e7-ae29-439603f9736d,202,group2,2750,174
9747,0be480d9-78c0-481b-ace4-09230ce6e569,202,group1,9810,55
9744,9c231d69-288d-4054-b8ac-b3976bbcd3d7,202,group2,6293,133
9742,fd876408-76ac-4731-9d5a-43f8a348c4ad,202,,6429,0
9755,2be03d55-441f-4958-9793-c93c90fd8806,202,group2,1856,162
9748,e54d6694-a312-479e-8fe9-3305bd69bbc9,202,group2,4324,213
9743,a84ea9fc-0f0d-44e8-b144-da0a67c39113,202,group2,8409,23
9750,a8cda060-3bf7-44fc-949e-89d6c890cf6f,202,group1,2508,85
9751,37ba28cf-34e3-49b9-8898-12011998cc3b,202,group2,1120,75
9753,81f02da6-fba0-4f5b-ae92-4489ed82e257,202,group1,9611,51
9752,b8c964ea-49a9-49ad-bc44-5990fb7ba0ae,202,group2,9472,77
9746,b5bcaccd-e35a-4a3b-ab6c-16f4b2ebe189,202,group1,2193,63
9749,699ff4b0-45e6-466a-a648-38b3d2562697,202,group1,2061,212
9756,20c78ad4-289b-486d-9175-59a4256feb27,202,group2,8859,0
9754,56cf6e74-8520-423e-8c3f-7075f572280e,202,group1,9679,80
9839,ca580f99-2540-4375-a972-72ab3599e464,202,group2,8864,79
9772,b434f9c1-e396-4be0-bd6c-652aa4b4d80e,202,group2,949,109
9799,6b5a8ff7-d481-4d25-8f1a-b2dace52b061,202,group2,7102,34
9809,8d36f5c7-80d9-47d5-8f32-d55840fa18b9,202,group1,1332,79
9771,6c0f6103-5ce7-4498-92e6-2a412d16afd9,202,group2,6931,178
9786,090db31a-9bc9-4dfb-ba61-44ec73b7d0a0,202,group2,8430,34
9810,dcb67e5d-b0b7-48ba-88f2-ff546d74f8f2,202,group2,5391,97
9802,bad0cbd9-6dfe-46bb-aca7-cb036684abb6,202,group1,2928,58
9762,23edf0cb-e7a7-4930-9cf2-81473987b849,202,group2,254,0
9785,9be4e4c7-03c8-41aa-a03c-19eb669c142f,202,group1,7588,0
9757,7b5ca1bc-a8c7-4787-b57e-f51d31846d67,202,group1,266,157
9806,2c0e73ae-5096-45ed-aea3-8253b9f03b85,202,,1974,42
9822,5a171ca4-74f4-428a-ae95-54e049f176a3,202,group2,7032,94
9764,e66f3e2a-5152-4db1-8cbf-8c58e460e812,202,group2,5980,56
9834,53fbaf69-58d4-46cb-aa4f-172e91e1ef0b,202,group1,6526,56
9765,8dfd7fbf-327a-4d40-8636-368a500e2c1a,202,group2,3300,0
9808,8b77e09b-742e-4d49-99be-39d837060ad3,202,group1,4029,87
9777,346b5ac2-bba8-43eb-ad05-a2f8cfe71643,202,group1,7646,85
9819,91bec380-ec89-49aa-8212-af0c2fcec8b3,202,group1,3764,17
9782,f385f3eb-b6e2-4190-842f-dfb0ff5bf2b2,202,group2,5118,195
9795,7bbf5a74-2697-44e3-a64d-af621c6b608b,202,group2,6234,196
9831,da102c38-7930-49af-b59c-c2449eaf4758,202,group1,9638,90
9779,98b72436-6169-4aaf-9962-8553024e0ac5,202,group2,2371,81
9828,14f06e72-6ad5-4693-a1b0-175e5948a021,202,group1,317,0
9770,9a02696f-b41e-4e74-98b0-ffb5ce32f32f,202,group1,4211,0
9792,a804b32f-4ef6-4537-ac37-219a8433183b,202,group1,2354,33
9835,33a77533-d907-4a37-afa8-8cf39cd9d861,202,group2,6102,134
9798,3dcbf1ec-b23d-4e8a-86dc-a6e2d48aa01a,202,group2,2815,0
9760,6e316bf1-e453-4f87-844d-b00062b7dfd6,202,group2,2669,252
9781,8a5bca9f-9122-4767-b43e-ae1c2dc7a18b,202,group2,4743,6
9790,0425a0fd-2a99-4c3a-a278-691d187e3c48,202,,884,0
9793,d10e59a1-50d4-456f-a68e-947dae9bf22e,202,group2,9607,51
9823,83f1fa2f-f697-46b0-acb1-1dd253f8fda4,202,group1,1315,103
9761,348abaa1-24b1-4343-a10e-c1119bc429a2,202,group2,4270,150
9776,13861762-4596-4bba-8d85-0bcea0534b97,202,group2,6836,0
9768,ca8249e2-b8f7-4d19-983d-3fba67750192,202,group2,5939,34
9783,f17564f6-a803-423d-b96a-7e98b17a9e11,202,group1,361,0
9778,3bd5f82e-26a2-4a5f-9a59-c4abe4819a42,202,group2,1514,0
9832,4cbb02ed-36eb-4536-9a39-144f22675f39,202,group1,9126,10
9759,f5780ee6-7cdc-47da-9499-450145d57c27,202,group1,8176,0
9788,dc4dcacd-326b-4198-89bc-72079713af86,202,group2,4982,104
9767,f64976c4-9d5d-49df-9c65-3ed57aff008c,202,,1144,115
9803,5040e10c-612a-4881-b48c-6fba167547c5,202,group1,6273,10
9815,34f4aa97-898c-4fd4-817c-155b9ee3c0b6,202,group1,3380,10
9769,6dc8b22c-f6d4-4097-a8db-f4ce1e1b8014,202,group1,5612,105
9791,8a9dfe31-781f-4b03-872b-26385b5c3ff7,202,group2,8333,39
9796,ecfc3383-4202-4d06-8e5e-7a0c2a8dc46d,202,group2,8961,0
9780,7aa71c6f-6408-4618-bcf5-d3dea6b20788,202,group1,6151,124
9763,2c5d1e78-cc2f-4c2d-98af-21788da88295,202,group2,650,136
9807,e1a9094a-368f-4f4b-a80a-59151e21d587,202,,2817,0
9820,b7880f80-f5cb-4279-9a59-3a7821d2c75f,202,group1,3123,0
9800,baecc3ce-9d4d-4f84-941b-7b1341f04187,202,group1,6166,0
9773,7001fd8b-cdd8-4410-92e4-c75cc6e83af0,202,group1,5155,35
9794,9926980b-07d7-47fc-aeed-88c483a476a0,202,group2,566,34
9801,7e682e82-62b3-468f-a932-2e61e912aae6,202,group1,6795,57
9838,a2e529f7-f333-4ef0-8129-539d1ee53ca5,202,group2,2807,172
9766,f7244c06-383a-413d-87b2-d323132372da,202,group1,2300,76
9805,bd378e61-65d1-43c5-acb3-a2e944b1a3b1,202,group2,3735,4
9814,a049e6c7-a953-4223-9964-04792378541e,202,group2,3329,22
9836,4be8c2a5-313e-4769-825f-cbe69a7e71ee,202,,7179,61
9821,01c90a9f-7fca-4ece-8f84-96620244155d,202,group2,1632,0
9789,dc59119a-029a-4299-a08a-097f6cef1bb9,202,group1,5364,101
9816,53a8e886-64ca-4e4d-943e-e6057df9e70e,202,group2,3733,0
9827,993b307d-362e-4562-adf4-56be0880d342,202,group1,2904,89
9826,f1c42f3b-b029-4d3c-aea3-46020a09b648,202,group1,4799,0
9758,3a4e011b-4c35-4391-944d-340e02c2e7b4,202,group1,1035,53
9784,f1ce0a47-fd2a-4a85-bebb-742397b77901,202,group2,7930,90
9825,b511f62f-9b2d-4cff-8342-b7844114eee8,202,group2,7636,0
9830,f1cac0ef-0d68-468a-9e7a-d325abb2d593,202,group2,8742,0
9811,d6a26ac7-6c84-479c-ad6a-e727e35cd413,202,group2,7384,93
9829,43d17020-fc0c-4323-b4ad-e8a9bc4452f5,202,group2,9629,0
9797,2619775c-5c82-4869-ab9b-fd7275818aa6,202,group1,1556,20
9813,c7f4fa10-40d0-4f1e-88a6-3da5961a6130,202,group2,1961,235
9787,9b183dfb-1d5f-4184-abff-c7107bef01f3,202,group2,2444,0
9833,1d81f75b-e28d-4813-ba67-106c10009efd,202,group2,6615,0
9804,5eb93551-926d-42ad-929a-1739b268c33a,202,group1,6948,68
9824,fef77cfc-f73c-45ee-bdd9-51789151e6ae,202,group2,6830,0
9837,1bdfd8a9-4412-4c69-806e-05309015ff96,202,group1,9118,0
9812,910ea315-33cc-4955-b9f2-24c0e04868b0,202,group1,5589,152
9775,57e57f97-9e2b-4c02-802b-6fbc5aca59a8,202,group2,3087,175
9817,69cadef9-6529-467b-bd7f-1189c6558032,202,group2,6775,17
9840,f55dacb2-1aef-49fb-a5e6-39f81fc320ef,202,group2,5464,0
9774,428c7cce-fc82-40a4-b775-30a8a657e488,202,group1,9260,0
9893,747843b7-c679-4422-b627-2ff2959edd02,202,group2,9624,92
9860,92b59288-0ad9-4b8b-9d01-e31e1cf0ce83,202,,9968,0
9842,e7200402-5655-4018-915d-87a128a9a7f2,202,group1,9480,0
9919,98eb076b-ee00-4e8e-9000-860088b1510a,202,group1,9035,50
9850,360f6ba3-ecb6-48e8-9dfe-a4c0c81a879e,202,group1,7865,76
9844,142c30e0-5d3c-4bda-9869-152423ab5ff7,202,group1,1912,99
9903,eb4cd0d8-b8dc-4355-8c53-5f19571cb68e,202,group1,7999,56
9904,e9780e49-edf6-4682-98d8-d5afcd67bde3,202,group1,6021,20
9848,3ceb9419-eb16-40e7-99a7-273a2d921ae7,202,group2,8992,0
9847,80e72e71-18d6-429e-87f7-6f707cbb1d3c,202,group2,2051,0
9849,cf1393e5-2008-4723-b751-c5a858305134,202,group1,8582,20
9869,58b827c9-89ad-49b0-a4ec-314f6e2e763b,202,group2,8346,0
9886,09181c11-2524-4e71-beb0-f78693e36894,202,group2,3651,95
9906,781e175f-1e6c-42c7-82d9-0fafea679ea6,202,group1,8281,86
9921,2a424d31-77c6-4a62-b042-d63197567918,202,group2,7024,101
9922,b583514a-feae-4e80-adcf-02d71ce35353,202,group2,6492,34
9915,4320b9dc-6080-49d7-ab61-6b1e8bf771d5,202,group1,7229,0
9890,af2d8bb7-91f5-4d31-a496-18d6ee8da193,202,group1,4264,79
9854,ee02cdda-a33c-4e4a-98c5-4ced0d59845b,202,group2,7155,0
9872,873fd583-c5b0-45a1-946e-474eee650217,202,group2,363,0
9852,475fbd8d-ca26-427d-88be-097814cd73ea,202,group1,2475,88
9924,32524de5-c77f-42d7-be68-7735721a26c5,202,group1,2167,10
9873,d7fe8b9b-696c-4bc2-8044-608c785beb68,202,group1,9558,0
9856,8e5496f5-aba5-4e80-a78e-878187d43ff1,202,group1,1017,0
9911,91dafed5-2273-4a4a-9b3f-30494521adf8,202,group2,6108,51
9912,cc8641f8-9e24-472c-b184-022045d29248,202,group2,3097,0
9901,e90dc796-f26a-401e-96f9-deb776c71054,202,group2,1471,22
9910,d68e1e6a-5cf0-4898-a816-0018286fdf51,202,group2,5746,128
9877,88d6427a-1f92-45fe-bdfa-317efb43fa98,202,group1,8627,116
9865,74738f77-ab19-4c87-a652-58bd947f0160,202,group2,6003,61
9863,b0d6ff62-53fc-4b50-b460-a114a2a20bab,202,group2,3429,179
9853,d9074766-f6f9-4a68-b5ef-da204c8ce3ca,202,group2,381,5
9882,dc6b8f0f-2d0f-4d1a-a3ca-897b0c7bab05,202,group1,3125,53
9861,40204881-a7d9-4738-8118-31c9daf77ab4,202,group1,5702,30
9866,207f877a-90e5-490a-83ba-e20d89587910,202,group1,1223,0
9888,34a6c8e0-25d4-43ce-a24c-ec2e44ca903e,202,group2,235,98
9858,24684ed0-0734-4af4-ba65-8e75d17f8eed,202,group2,7627,34
9880,cda50bd7-6b9c-4791-8417-f65c9ff52fc1,202,group1,2257,57
9868,b9ae40bb-bbda-424a-8830-1e2b71a48c8e,202,group2,8125,32
9859,bd3ff691-fdf4-40d7-a7f5-2e22a1b9a0c9,202,group1,1840,50
9889,7def7efe-2d09-4142-b315-187316620c49,202,group1,7370,0
9879,746c7ec3-c309-4f05-bd81-ce0f77c1da01,202,group2,4205,0
9914,ecc5dc56-0808-488d-ace6-31b42654e0ba,202,group2,8016,5
9891,6fc315ef-6778-4d1e-8f0a-a5d92926ee95,202,group1,4429,98
9894,f339c6cc-4357-410d-94ef-d2ccfc8f4471,202,group2,8465,59
9878,f7202663-f145-4ec8-bd6b-0c00101ade56,202,group2,9701,68
9876,c7973437-0655-4091-b7d0-84fc31edec6c,202,group2,5740,59
9905,416dcdd8-4e42-4788-9bcc-67f4145b0999,202,group1,6534,80
9881,6444c2e6-b3be-4a2c-9b7c-31d1891c5d8b,202,group2,9962,0
9851,217206fd-abc8-4daa-8653-559381e7da10,202,group1,3163,0
9918,12c65113-8ae6-4997-a204-9225a1996de9,202,group1,3549,48
9864,57ad7c4d-cff6-4a5f-9e1f-cca9207662a6,202,group2,3748,142
9871,436a4191-1911-4e02-9e79-d1983271d361,202,group1,6882,5
9896,59bd6352-69ca-4d2a-af15-5d9d1786c779,202,group1,2409,0
9862,904fd764-a655-4353-88fb-b5cac36917c7,202,group1,8453,0
9843,254572eb-c64b-4566-9717-7400477d6085,202,group2,4227,129
9884,d9eae54b-00fc-4c25-b679-29dd10527168,202,group2,7489,106
9841,d96f89a8-9a01-4604-86e0-37f10be17161,202,group1,8869,50
9907,3f4c6e30-6c56-446a-800f-72f91860b485,202,group2,931,179
9874,6cd8633b-818a-413e-bc82-056c43544469,202,group2,4438,17
9920,19446482-7ac8-4363-87f0-a3817323043a,202,group1,858,0
9857,80afed1b-69ac-4903-8529-81acb6c9d5b8,202,group2,3646,0
9900,84a30b32-5e87-4104-9b7c-23dbe6c72944,202,group1,1413,0
9892,299552f8-c5c1-4bd3-8d66-79c1215ddb6f,202,group2,9465,19
9908,4a6e9c1b-6708-46de-b72d-5eeab108f2c9,202,group1,9151,0
9875,f08fdabc-75e9-4720-8973-8e83262f2afe,202,group2,370,205
9923,f424485d-fe07-479b-aebc-07a1541d3091,202,group1,6244,106
9909,a87b7757-a5d8-4787-a6a1-fb4708b34a23,202,group2,6807,17
9897,bd4e325e-6901-4051-860c-894941251cc4,202,group2,538,1
9913,7b6ba8e3-961c-4af0-b811-55d186c6b5a7,202,group2,7165,5
9898,59f6b123-6e39-4af3-a53d-3758f9cd58fc,202,group1,9804,139
9895,0cbaf9d5-fca2-426b-80a0-64447274e330,202,group1,2209,71
9887,965f43f5-8f50-4520-90d5-c5182d2d2ec5,202,group1,439,79
9867,62686dbe-68b5-4906-b53f-b586c18a2b68,202,group2,2527,17
9917,61978bc7-c862-44f1-80b6-6f57334658d5,202,group2,1289,0
9899,2caebb52-39a2-45f8-a8fc-83f98cd4f9c1,202,group1,5300,50
9885,0b2646c4-8773-4db0-92e1-27206578835c,202,group2,1185,77
9845,62149034-73e5-4b08-9860-ae2971842f04,202,group2,310,45
9902,8128a7cd-0660-4b36-a202-3d026dfea8a7,202,group1,8789,82
9883,ed0bfd93-987c-4e29-9800-b8c81ab1bb68,202,group2,3001,39
9846,6186ec02-dfad-4b3b-b996-4ed9bf48e399,202,group1,3497,81
9855,2f97768f-8ac0-48d1-a8f5-8c16c41e59d8,202,group2,5103,7
9916,be857fd2-ce60-4e21-99d2-5cccaf107cc8,202,group2,7910,34
9948,3becccff-6a0f-4832-a13a-f35323f972cb,202,group1,3270,0
9956,44c03667-d1ca-4fab-ad1e-689a8eb29651,202,group1,1658,20
10003,1f7dbbc7-a780-41a4-b263-e52a421a73dd,202,group1,7394,163
9987,949c5ac5-af9f-4a5f-83f8-2ed222c940d9,202,group1,5314,0
9928,d3b0f54e-0b9e-4e2b-801e-b410a99a6217,202,,3918,0
9930,519279cd-8f75-48f1-a65c-572c2455654b,202,group1,3528,63
9982,9afb0ded-c994-462c-b75e-788485a89f7d,202,group2,8134,0
9952,46043df0-eb4f-429b-a5b2-108cf8855f61,202,group2,9089,34
9949,a2f9d590-ec01-4d90-a955-e7f61ec33765,202,group1,443,0
10007,8169d538-fa71-493b-be8f-52cdae9ac9b2,202,group1,2392,153
9931,708f1a63-6863-4955-b284-f6c339c0223c,202,group2,4606,0
9991,876b45c3-57b4-4008-bc74-e51bf5418542,202,group2,201,17
9938,635180ea-8d8c-4aa9-8f13-c204a2ed54af,202,group2,9406,120
9980,d16edde8-1af9-4a88-8c5f-37553e881e0c,202,group1,8222,122
10004,0cc50476-2ae7-46e0-8bc5-41ba3c03ee40,202,group2,1096,65
9954,c26743c9-88e0-4d65-ab07-88999d253ae2,202,group2,9677,132
9951,0eb29b1d-f095-4ee7-b096-5da1e04f242a,202,group2,7854,0
9984,e78029a2-5f50-4151-9a7d-1b13bab38e1d,202,,3400,107
9975,2835b1e8-6670-4a36-9aad-70ae2eaaa0b6,202,group2,2779,210
9974,b24babe1-fa4f-43a4-9d50-db29197dc11a,202,group1,7510,14
9935,7abbdab9-c79e-4708-aaff-6cd102e602a6,202,group1,4224,56
9944,a8f2e3a4-ee58-4aab-8550-a0f54aa22095,202,group2,4564,210
9986,a6f52c31-63a0-4eda-850a-dc00bc2ac03f,202,group2,4561,70
9946,8d54ceab-814d-4c9b-815b-4e19437edc3f,202,group2,7088,68
9997,199d6618-95de-4380-9d0e-6235f559b9b4,202,group1,6502,24
9934,8ac8eb25-4d0e-4c62-a786-eda65a0c6158,202,group1,9689,15
9977,4d0ef1e0-81e1-4c4d-923f-a0ea30803fab,202,group1,4276,41
9969,47499a15-aa1b-4b39-8a6f-1ad226aba4c6,202,group1,7686,30
9947,297c6f80-9b57-45f1-9045-9832e0570364,202,group2,6591,51
9967,bd0ae78e-071c-477f-a29e-0cd691ca4044,202,group1,9173,30
9933,5ddd2b8b-a9f5-4b6d-92c1-0b0d17067a76,202,group1,3645,15
9940,97800929-87ad-4cfe-9b3c-61e3d7eaf7c7,202,group1,211,5
9955,bae77f42-1ced-4095-a325-133ede4a2fc8,202,group1,2162,110
9945,12adeb18-77bd-47dd-ba06-653f1f97f2c8,202,group2,1631,0
9937,d5f25f17-fbaf-482a-8016-7c53bda56669,202,group2,1126,5
9979,7205e164-5fb4-4469-b3e4-520168b2182c,202,group2,9064,8
9968,22284101-97f3-4dbb-a71d-457031229059,202,group2,1501,0
9995,b42a1990-b491-4c08-8c06-2f12ef3b9109,202,group2,2825,145
9939,b4fb9535-2247-416a-bec9-a331e828d8f8,202,group2,4361,77
9985,b3d0afd5-7e33-4974-9024-eb0a8606d13a,202,group1,8310,84
9960,4023f9db-b8b4-49cf-b173-3efeba5932ff,202,group1,1621,0
9961,8945b6d6-480d-468e-8bf6-7f3fad4d6d09,202,group1,9048,48
9970,1c2809f4-f829-4b40-96ad-8af2c7ffdf2d,202,group2,48,0
9976,3cc1bb9f-2713-4841-8479-20221f0fb490,202,group1,3409,20
9973,55f9e6e0-9ead-4d50-bd1a-f107ef215203,202,group2,7601,195
9963,aa2ff80f-85b8-451f-80c3-bdca4a909c8c,202,group2,935,0
9966,45dc2755-a0ab-4f0a-87c9-324996c7f907,202,group1,1772,0
9942,bd146cf2-f5bf-499d-8407-568ba7500273,202,group2,6465,51
9981,636562e3-6a57-4a61-bf87-6854122b4e3a,202,group2,351,0
10008,a1bb2b5d-67da-436b-9b53-4370a115d366,202,group1,6189,20
10005,f5cf6f12-5a15-47df-b60e-922a00d2c58f,202,group1,1463,130
9978,5cb7c88d-3c10-49fc-b31f-74a89edf6147,202,group1,2402,53
9994,f3d033da-04fd-47df-a686-4b0646251a43,202,group1,5537,0
9927,bef3e84d-807f-49f8-a7a2-5d528acaa1b0,202,group1,8104,80
9941,c3243836-654a-4b30-9a3b-c7ee0c863014,202,group1,7682,143
9936,5b6bb614-b43d-48c3-b2e1-ad5b863bed70,202,group2,1402,66
9988,dcea8f63-cfa0-4f97-a0ce-9d3e616ee834,202,group2,9833,34
9958,bfe2a88c-3e41-4b3b-96db-8ef7bc58a482,202,group1,4157,114
9972,b5de532a-97d5-486a-83db-395b064815cb,202,group2,3719,150
9983,7ab6859a-6590-4062-a792-484c931a5266,202,group1,4882,0
9962,6c83a38c-4abe-4094-9e0f-6526d523cc14,202,group1,5161,20
9959,887017d2-452a-43f9-9720-3a630cfe504e,202,group1,6984,26
9925,f2e968f6-0223-471e-903b-b91dd35dd266,202,group1,6581,84
9957,58d07b09-9960-46a7-994d-5fd79bac1a89,202,group1,322,55
9950,5365b97f-b14c-4f82-9b21-279bf986ad15,202,group1,4713,83
9971,829d08e3-b92b-45f4-bfeb-3519abfa8e68,202,group2,2707,148
9992,93070891-648e-4e07-a1ff-db008aef7ba2,202,group1,496,0
9989,5fa5e083-65f8-4b9a-8ec5-3cbf8c6b5e9c,202,group2,9649,97
9993,a3f49f81-79b8-4f11-ac0b-f98a1874f6f1,202,group2,8148,0
9990,c1d0609b-0d68-4c54-a951-fdac46978537,202,group2,6956,0
9996,1561e150-79eb-499c-82f0-7d9a6f54752b,202,group2,6510,0
9926,5bf7bb14-a550-4368-857a-77ff5bd4e9e6,202,group2,4483,202
9932,d67b0fb9-01d4-4868-9f0a-be03035457b7,202,group2,6975,21
9999,15ffba1b-e777-4cc8-a2a0-87c2bf8af300,202,group2,2493,0
9929,107ab104-3357-4c97-beb5-b33c0a594aff,202,,6640,0
10001,816764de-45f9-427f-a334-2392d4e8b539,202,group1,9290,30
10002,0968f02f-0891-478c-add6-59559fbb7ee4,202,group1,2084,0
9943,04fa0c41-d081-4e36-af22-437ab767ee43,202,group2,7062,110
9998,3074ae50-92bc-4366-ba2b-e35a09b7c87f,202,group2,8743,51
9964,029cdff2-5425-42e4-86e7-d80711d12450,202,group1,4855,151
10006,31266024-c5d3-4930-b01a-4a9153fdb51b,202,,5744,0
9965,040b67f7-a9f3-4452-bc76-3cece9dcb621,202,group2,9593,51
9953,5afd4481-55ae-43a7-ba2a-d4ae579225c2,202,group2,8666,48
10000,e5189170-8d6c-4be1-8581-16d8eca41ea3,202,group1,6558,73
10091,04bdfbc6-e1f2-4967-8844-0efcf2639453,202,group1,580,0
10010,e94d3fe4-21ab-43e4-aedc-12be6e42295f,202,group2,4459,0
10032,7e783a65-bccd-4893-9840-5fb4e7a81f56,202,group1,8734,10
10090,8337a28a-a7da-47bd-bced-42ffa02a0345,202,group1,8925,45
10046,ed46235c-523d-4d1f-a03b-ce92c21c7abc,202,group2,6988,34
10019,fa45afaf-8787-494d-9257-aae333e15fc8,202,group1,5331,0
10039,3e3ab4d5-aae8-4db7-8052-377325906f07,202,group1,8440,10
10020,4d1fe2bd-1c50-4935-a45b-99200dc49fe8,202,group1,4986,30
10038,37b14ec0-f76e-4cb6-8efe-3a73d98be45e,202,group2,8137,0
10012,87495b8d-e576-47ad-bcf5-b3347264e18f,202,group1,2582,10
10015,426a77a4-dcc2-424d-8325-5404dc2fbfa5,202,group2,5403,0
10069,82db7fbc-097d-44f6-b6c4-1066453adda2,202,group2,2024,244
10061,2db4baa3-283d-41f5-beae-8b22aa190d20,202,group2,183,85
10018,f57d890e-08f1-4422-a53a-e97657f06dbb,202,group2,5043,0
10040,c3612a81-ea01-4be1-bb56-eea85eee50ee,202,group1,744,0
10050,1f7a0232-9b05-4056-b54c-f3c65c312ff8,202,group2,9312,107
10042,f2f855d2-d5d9-456c-b39e-f836cedbd4a9,202,group1,1247,17
10071,7d16878c-7fac-4b01-98ee-bd735d8c2c4b,202,group2,6868,99
10041,0d717f27-ff94-4d59-b813-b6e9af296d7c,202,group2,8444,0
10043,656a9687-3517-4139-b779-cb4b864a92fc,202,group2,592,122
10016,dee5ade4-8336-4511-b355-182b155cbf09,202,group1,8596,50
10058,c7759a4d-e190-40c8-a474-d80476204aa7,202,,8664,159
10009,fde36b15-508d-4ed7-9dcb-a7ee541f4e90,202,group2,1226,152
10011,8ca3e66c-df60-41e8-bdfe-adc94601b673,202,,3529,153
10073,ab533bb0-ad4c-4ce8-8dda-dee11558be35,202,group2,6538,127
10014,59e0766b-f911-4716-a1bc-d048206c67b7,202,group2,5446,76
10033,f2db4991-8019-494e-be72-11d23d94ad1b,202,group2,274,37
10065,533dfabd-a1bb-4d30-bb7a-8fdd60fed912,202,group1,6475,125
10030,13387839-be04-435c-aa0f-87f1b581068e,202,group1,6922,0
10029,ae13ec7e-8121-46f1-bfe9-44ae3c264ce5,202,group2,4160,0
10068,d85a4a6e-f1d8-4932-a9a1-5771ffae354a,202,group1,4685,30
10059,f10326ee-652a-46c9-94c2-73623f902ecc,202,group1,3378,10
10027,290e9c9a-eba7-4901-a038-4c664670b542,202,group1,154,67
10036,f173238c-488e-4cb2-bf04-d1c626dc45d7,202,group2,8684,0
10087,6bf14f7d-bb03-4bb4-9648-2ca9d5dfd4b7,202,group2,5138,106
10034,326087e6-b533-4797-9934-031d59f357a1,202,group1,7864,0
10035,54306279-3ed2-4cdb-a046-7ad0122df4d5,202,,199,0
10025,4ee27654-7bdc-4f5b-a37e-003248ada845,202,group2,674,68
10045,a344429c-68c8-41c0-81bb-229fc2cf0bff,202,group2,8933,0
10057,19d92c1c-824e-4671-a7cb-ba4945f201e7,202,group1,1833,0
10021,eaeac09d-1ab1-48c9-b70b-d5e047dec59d,202,group2,7499,75
10047,e5d2e03f-cd5f-4bb5-b663-74a0e8d994eb,202,group1,5526,0
10023,aa5d8642-8440-4f62-84ec-9ffd53d92d7d,202,group2,7884,51
10048,242296f1-c5f5-4be3-9f84-eadf266c19e8,202,group2,1553,0
10028,ca709e90-f857-4cd6-9f4c-db15a7bdab9a,202,group2,8110,130
10013,09599e87-1637-4c1a-a003-7e0ac646ea68,202,group2,1403,17
10053,41cafdb5-e514-44c3-bdd0-6314025f8496,202,group2,8681,0
10051,ea3667f2-c8b3-4e5a-ad63-820e4ed5ed1a,202,group2,6713,0
10044,8890ec35-e211-493c-9929-5492e082b6f1,202,group1,5837,100
10079,15a22e32-c3c0-4d05-bfc4-f257dd000c8e,202,group2,2027,17
10066,9fffef27-ccc5-4108-a506-717ad644c2a2,202,group2,7033,0
10084,69c655e9-63d3-44a0-8f2e-91fcf39ce2ff,202,group2,3890,170
10067,3a1e62db-3ac5-474a-b5f1-c394ad1db815,202,group1,3017,0
10062,6f8f039c-ff72-49d7-931c-3192dce2dce3,202,group2,7959,0
10081,ba8ea773-b416-4762-9e33-a242774f7711,202,,868,99
10092,63fbebae-ab6b-43e6-97d8-5b5900406d3a,202,group2,8256,148
10089,77c7edfd-a63f-4e46-91c0-10a068f0e670,202,group2,304,50
10060,b45cbcad-7546-41f4-b5a8-34bba02d30a0,202,group1,9528,10
10070,d736a0f2-de23-4687-addb-c601198d4b5f,202,group1,5766,0
10056,f67e9fb9-ae24-4db7-bed7-ef80a03d7a8e,202,group2,7626,50
10054,d393e1a1-3fed-48a0-91fa-b64c92ed72a1,202,group2,9596,204
10080,16728922-ebc1-4d74-bfb0-b0a53a9bd777,202,group2,2472,0
10088,e949b30e-605f-4206-a280-4457ac7b205b,202,,6604,0
10077,71d73d1d-c7e3-4b4d-9d9f-fe7284b315ad,202,group2,2395,0
10022,e4a864f5-2721-40ab-b56e-7bf01875033f,202,group2,415,0
10064,6f1c8f4a-51e7-4253-a752-5da3e31e0e40,202,group2,6154,136
10049,ea982129-aeb1-4ffb-b7c4-c3442bc39e87,202,group2,7790,51
10075,fa711d66-2e1c-41ad-8948-4c6aaf848de0,202,,2569,15
10078,16d67068-2d49-425f-b4c3-6b0c7856b25e,202,group1,2510,5
10083,657144e9-43f2-4e71-9eb5-e8e610d4fd78,202,group2,9482,0
10037,94419e4f-3510-43f7-9e1f-758fb476863c,202,group1,5635,40
10085,ebb19c4a-189a-4da4-838a-ede4c41ac83a,202,group2,6283,0
10017,69cfc7ad-0590-4ea9-92f7-ad15cb0b8ba8,202,group2,9203,15
10063,61816292-6628-42c0-ba8b-5228250edc6f,202,,4696,0
10082,34c7af0a-169c-4e11-8429-f92792ef14a3,202,group1,6202,30
10026,5021b41a-33b5-4e07-a403-bd7d9bee1dae,202,group1,4496,97
10086,d053dc96-df36-41f1-be82-62a5f36b9874,202,group1,6833,95
10074,8a3ab4e6-c2cb-47c7-bc4a-c46a9ab9fe36,202,group2,8070,9
10072,2eda5972-ba1f-4889-b261-bd1b01e1b8e0,202,group1,1037,30
10076,e259629b-7314-43c3-9839-305edefe230c,202,group2,845,22
10024,18340af6-0187-4d1a-885f-adc54cfaa7f7,202,group1,8943,0
10031,c51f6f02-4bb7-4c19-8e54-bdb349e9d034,202,,6043,42
10052,6e523eac-f8a9-4df5-b176-881faaf64ab0,202,group1,5936,10
10105,728c16f5-4f3b-409c-8640-787ddb23388e,202,group2,918,34
10137,0e880815-b886-4c75-9a54-6ac3caa03b0d,202,group1,4956,20
10093,b25b9ec6-9aeb-41be-9b7d-e20c47b62c87,202,group1,4567,30
10102,9619bba2-4048-4391-8026-d9f935fe118e,202,group2,427,0
10134,bcc59d21-d3ea-4a0b-9d77-eb066f153edd,202,group2,3682,34
10095,51502cf3-b043-422c-939d-7c13f21f2267,202,group1,5179,0
10098,4b09bdce-8926-4e06-a322-2750ae99b9f2,202,group2,2073,22
10113,9fbbf15b-689b-41fd-b1ce-e775a358db06,202,group2,9414,170
10097,6592b27c-685f-4c56-97d3-070ebb40aa08,202,group1,539,0
10114,4fa8831d-ec46-4956-ba98-28f296bd4cf4,202,group2,1420,0
10152,3dc7edfa-c5b3-4a27-8278-1aea386dae74,202,group1,4001,8
10144,731bf0ec-bbb0-46af-93e0-a6ebe142a612,202,group2,2789,5
10099,3fc72336-877e-486e-a90e-8eeab3a43143,202,group1,434,0
10101,2b53bef3-9df4-4138-9496-98502b98a653,202,group2,3052,80
10147,77ab9047-8c20-4cac-9e31-5913ce9e9e86,202,group2,4070,51
10161,8052723b-8329-47f0-9a5f-fb316dddd96f,202,group2,80,51
10111,d37f13b5-fd63-4e18-8764-77ec947c0324,202,group2,9195,69
10117,30fdc606-765a-4911-8c8d-7fef4005df7b,202,group1,155,0
10108,afaaea27-bf8c-4af1-afa6-e35039ce581b,202,group2,5513,0
10166,b19340c1-aba0-4f4d-ba6e-c1e24be474b1,202,group1,9538,45
10106,fec700b7-a0ff-428e-9943-0ba5fa6ea26c,202,group2,2001,19
10156,520a386b-03bc-4a01-b9d6-7fd6ad1aa809,202,group1,9619,15
10136,5ec1b681-20c9-474d-8fd6-ec627b410c12,202,group1,3893,66
10119,3e75d8a3-b7f6-4a18-b294-a2a3be80450b,202,group2,1400,0
10104,ce72cef9-b4bd-4dcb-b2f7-26f81923f0da,202,group2,711,55
10132,3f92c6fe-aa88-403a-b949-d30f4d3a6b17,202,group1,8519,0
10094,d6c36686-131e-4832-91f5-96a0583e70d3,202,group2,4238,68
10120,c7393d0c-6535-458c-9357-83dace88fe83,202,group1,7128,0
10107,8649a147-ca4c-4982-aa3f-a01ad207ba0c,202,group2,9342,5
10110,0e8ff841-fdba-4907-8490-4a4695449c34,202,group2,5261,52
10109,f5b20807-ba67-4d88-888d-860ef1b8a56d,202,group1,8335,0
10121,fc8a2926-28de-4221-bfc7-bbf8f82d2f54,202,group1,8425,10
10123,32c782e9-9c2b-4443-8ddb-e42d38993174,202,group1,506,0
10131,ce36e5b8-60ac-4651-8363-e7e6cff1c846,202,group2,3416,6
10176,83e01f14-72a7-4c19-b7d4-13cd99b5b7e1,202,group2,8178,0
10145,e4821f88-6253-4532-8714-bcb382ce2e8b,202,,1822,0
10112,6920b1b2-87ba-46db-9258-9679669c9201,202,group1,7176,0
10116,f983e15c-4cdc-40be-a5d3-00e2e1092b3e,202,group1,869,0
10135,74832522-a86b-4530-ab63-bf7b52c763ae,202,group2,6785,0
10143,ba53bd3d-885f-47e8-9b01-5b738b76efc7,202,group1,5894,5
10122,2e122e4d-e1d3-470a-a59b-c396950b3914,202,group2,3120,5
10125,40ae43bb-b414-4d2e-ab71-8060aba75400,202,group2,4907,0
10118,0bf50a81-b0c9-402e-8bf7-0f6f4db47289,202,group1,4842,96
10126,7ce4c442-41a7-44ba-b3c7-aca39791de13,202,group2,5123,0
10130,89e4e5db-14e7-4163-8b9d-5a583a13f253,202,group2,1133,34
10124,4cb8fcd3-fbeb-4be2-b339-4f24f9f44fb8,202,group1,8779,88
10128,6c61e117-921e-47f7-a424-6d5d0eca4c28,202,group1,8771,0
10133,1f581343-89a7-4a34-9ae8-17122efc8d6e,202,group1,5905,10
10129,9206abe6-27c1-4c7d-b68b-0279e9e6bf84,202,group2,1608,85
10127,bb4f3fd5-fb3d-4113-804e-ba0a12537d9b,202,group1,1236,30
10139,43b95b75-98cf-471c-9d3f-3be340607506,202,group2,8890,0
10140,55230e75-2acf-45e5-b13a-76ebf3b0ce56,202,group2,7612,0
10159,294276b4-07a6-48b2-ab61-69ab9f9c5b23,202,group2,3994,41
10141,6f7f6a0b-23f0-4fdf-b308-2dc8882cd860,202,group1,6822,0
10148,684e3412-9a0d-49fa-8202-f3bb80aebc3f,202,group1,3689,0
10142,73daf459-f886-4c5d-b764-1c14f5506997,202,group2,8206,0
10146,fc75acfd-f621-4a09-8ea6-7e86be31573b,202,group1,873,145
10154,1207755d-df96-4c0d-a9de-33862584c5b9,202,group1,3648,0
10150,2f315d4f-c2e2-4554-b223-13b895bfc29e,202,group1,4797,0
10151,091741b7-cce5-4a15-9084-bf28592bb188,202,group2,4479,0
10096,d3e2b3fa-5705-41f5-af77-f821869db400,202,group2,5307,0
10115,41a3d2a4-2d43-4eaa-94cc-17190e2bcc14,202,group1,4328,8
10155,889a3829-6aee-48a9-98ef-ef4d8e684d84,202,group1,842,0
10103,f8e1e898-5096-4472-a7e5-d3a893d686cb,202,group2,1328,63
10153,b29fac5f-e535-4f2d-8e21-33d2250472ac,202,group1,3280,10
10160,d78c93f9-adb3-401f-9adb-f6d003baef7d,202,group2,8580,0
10167,d85bf09e-7bd7-48c5-bafe-910dfb646d23,202,group1,294,0
10158,27562945-3c10-4566-b9d6-492bc9bbc9a0,202,group1,6093,20
10164,bd0a6fd8-ff3a-48fc-89ff-78f885793f0b,202,group1,4783,0
10100,c5122148-9f33-43a1-8d11-30ed16e05b75,202,group1,5767,20
10171,b8489846-b3c5-4dd5-905c-06aa3a7425c4,202,group2,2421,0
10168,5989afd3-27ad-436c-9d56-27670c7bcdd8,202,group2,2230,17
10149,081f7a0c-0ec6-433a-856e-36275f893e66,202,group1,3319,20
10169,ef773530-f695-4d96-b9d5-2f2b4c683ed0,202,group2,7081,0
10170,00bcedea-c0f3-4947-bd22-b4a1d9578276,202,group2,2484,17
10172,c7cd9c75-068f-4ad2-8be3-c6afc59b7062,202,group1,3634,10
10174,a682664f-8674-463e-aab5-848544e01caa,202,,1742,0
10173,d13ba85a-8f68-4b7a-a90a-d3bdf5f0bdb0,202,group1,3137,0
10175,81672c69-1041-405e-9d94-95fe9086a75f,202,group2,8370,5
10165,4f33838b-f7af-4265-94f3-5a2102e77668,202,group2,9359,86
10138,ed975c38-5b59-42f1-aaa3-586240609631,202,group1,3419,30
10157,d4503f80-ae19-4fff-bc33-2a1af74fab5b,202,group2,7909,177
10177,bf69bf89-201e-462a-879d-d884321a6911,202,group1,855,0
10228,da9d7d11-035c-4f77-af63-17f24ae32622,202,group2,8628,133
10196,68dfc05b-44dc-4b74-a850-ab70a7e21280,202,group1,8167,10
10178,e1d2e398-2ef9-4054-a116-e67663413397,202,,4987,0
10198,77b7789d-7623-4d49-9e9a-8b730ff2df34,202,group2,2004,17
10215,0769f307-aa91-4393-b3a9-fed29ecceadb,202,group2,770,0
10242,3cd55bef-3c2e-4698-a10e-1dce0a955e34,202,group1,9070,10
10181,6310f065-0cc5-4139-a55b-6fe2a7ed0273,202,group2,6116,0
10236,96ba940f-b63b-4012-b374-924570e2f187,202,group2,8101,8
10256,27f6da14-7c48-42ca-b60c-525ac0b46af4,202,group1,7195,0
10182,ec5d1576-e53b-4f55-ad51-2ecd60adfc8c,202,group1,866,10
10216,c38eef76-f6d1-4933-a845-110b35b8f8ec,202,group2,3387,0
10213,7921cc2c-b86b-4915-8e15-81fc2c1e66c8,202,group1,7167,6
10227,647bd8f1-4689-47e5-885a-179c55a133d2,202,group2,2100,0
10258,d9b6b33b-3048-4d0e-b97c-e63526496ef0,202,group2,9169,12
10232,8c7f0034-7c25-4f06-ab87-c1e740d40e6e,202,group1,1277,0
10230,c7c72f0f-bbd7-4db2-a67c-e249cb9e8629,202,group1,6916,7
10185,d00803bf-039a-4320-b41c-af873dd47edd,202,group2,3274,17
10189,9daf7a7d-039d-4a41-8287-bc6001eec9be,202,,5091,0
10226,242b829b-e0d9-4338-b09a-2359ac5c38ad,202,group1,5165,23
10184,b57be16c-b93c-4973-996e-d43f1d2a239e,202,group2,504,17
10188,32153e76-3e97-452c-8628-399002750e64,202,group1,7983,10
10247,48766401-0bea-4ce1-93b4-28d4e19a4e85,202,group1,3715,0
10191,88474777-1961-45e4-a9d2-037d522c2a97,202,group2,739,17
10192,5f749ea7-e319-4786-9feb-7b506526a709,202,,2070,0
10205,904530ae-8d44-4b1c-891e-de4397853dd3,202,group2,953,17
10193,70eb3b52-0f6c-40b4-93ec-c5d737908a5f,202,group1,5925,10
10199,3c53ee26-739a-42c5-b648-547f045a0a43,202,group2,2800,0
10194,49950bfb-7d29-4bbf-88d5-c5ab7e2aabfc,202,group1,1622,0
10229,c639963d-ebd0-4288-82ad-f01a07386bee,202,group1,567,0
10186,e1a5cfb4-259f-4fbf-ade9-922f38b5e514,202,group2,981,0
10206,4ffcca27-86cd-4207-bf75-3acc889c828c,202,group2,3442,10
10240,a391f3ec-f7b5-4e8d-b982-40951db7ef24,202,group1,1476,39
10197,107c9734-a542-4f68-9408-4c4ce5841c2f,202,group2,3093,0
10207,a9006ee3-d0aa-4cda-81db-595c4685c209,202,group1,1205,0
10260,05f02074-00ae-4633-8838-d4156c3a5474,202,group2,9213,4
10209,06db03ac-b176-4461-a48d-6ec67d19bff1,202,,6530,0
10201,763be6f7-f017-45d6-9b4f-4b966e874993,202,group2,9708,63
10237,b68cca81-b1c9-45b1-ad83-ef902991f45f,202,group2,8841,17
10223,3f6ecbb3-7386-462a-b773-bb963edc1f86,202,group1,7008,5
10221,6c5acb8d-483c-4152-8de4-f023ce88d53b,202,group2,2762,0
10222,143fb0cd-13b4-40d0-8907-0137f56c7b72,202,group1,2588,0
10214,3d76db45-b9d0-46b9-8d8d-63e942602a57,202,group1,8565,0
10195,16f5afa5-9f6d-475a-a515-b9960319e218,202,group1,9425,20
10224,dab610cd-746c-4cda-abfd-e35b0a9fb727,202,group1,8261,0
10208,2b1eba85-6984-4cbe-8329-84a898a891d3,202,group2,5047,136
10234,aeda062b-da52-4c08-8030-1ad1257463ad,202,group1,85,10
10225,e4d52e2a-d2b9-4214-a9ac-e034f80a43b2,202,group2,3737,0
10211,1fcf446c-3235-4e13-a5bb-0ee88d5953bd,202,group2,2882,51
10204,93c7bfd0-95de-4438-9d61-9bf6f361c62d,202,group1,2834,38
10241,99e4757e-bb1b-4c3b-951e-0a428366bb73,202,group1,20,0
10249,46804530-d91a-4605-a95f-d14322ae0706,202,group2,7079,34
10233,bd957d48-db90-4e90-84dc-2d2b76497eef,202,group1,1561,0
10220,755da6a2-2ef4-4a50-8a26-1745e5b39055,202,group1,5251,0
10259,2578e175-1af9-4e82-9a28-51623f9a036d,202,group2,8424,82
10248,43181d51-aa67-4e0e-b746-49ac6434f2d1,202,group1,3461,10
10239,7c80baa3-c16a-4939-a3ae-549165c763b2,202,group2,2539,0
10252,beb96b1b-01b8-4082-94a3-bb6e58dbbe1d,202,group1,5104,10
10231,462343f5-c9f0-49fe-abed-77414a4b0dd9,202,group1,7057,10
10212,b97ed8bc-7226-433e-8a81-6133835c3494,202,group1,1188,10
10203,259efa5d-1f57-4dd9-8ec5-62a533e35b6d,202,group2,5426,57
10235,c18c5c7e-594e-4655-ae4b-a8843ef59505,202,group2,6408,123
10244,26da9c74-eff2-4b65-9971-913a91904be9,202,group1,7572,10
10179,af671aaa-0de6-43c4-bcee-6fbdc9369bf6,202,group2,751,34
10200,f03b04d1-2258-44a0-bc29-e716ae5d9ea7,202,group2,7849,57
10218,e8ce33d9-07c0-46b6-b1bb-566d4ac6c5e9,202,group2,1523,34
10250,6cc979d9-18e2-4ecc-a3d9-76ad9efc448a,202,group1,5523,5
10217,810413a2-a2ac-4ecf-8e9c-fb0b23b88190,202,group2,3652,5
10251,47067b37-4233-4552-852b-85beecc10e4f,202,group1,4908,10
10210,9d471857-33c6-4d93-b3a9-fc515995b4f3,202,group2,70,17
10246,11eeaee8-303a-4b1d-ac3f-5951660cb5cd,202,,5306,0
10238,6ba7ad89-8751-46d7-8784-e8b6708fbc72,202,group1,4183,135
10254,214993eb-f61f-4a02-bd8e-255c7f920807,202,group1,2872,10
10187,65c39ddb-bcf5-4c59-adfa-c0683a86b1c5,202,group2,5410,17
10255,ff4f5f78-8c55-4cde-8169-c18ed7f83fac,202,group2,5416,17
10202,b5c7007c-ef64-43ca-9522-6c220e4e1b3d,202,group2,2242,68
10257,9fb5572b-49c8-40e7-9dca-5cbe23ddeff5,202,group2,8197,17
10243,4be1ae1f-1610-445c-bbf7-7287133ffa8d,202,group2,853,203
10190,4c8b0e98-3018-4ad2-8b3a-cf6af98a90c9,202,group1,3129,-20
10183,95eaf00f-9a1f-4078-9b0d-5db5729156b5,202,group2,4897,51
10219,d6c17426-fa90-488e-83fe-4f395207ecb0,202,group1,303,24
10245,6a6aa1b7-aecb-4d29-9613-8f619c9786f2,202,group1,1817,20
10253,665945f3-0159-472d-8811-69da87bb7d18,202,group2,8793,100
10261,d2c8a85a-a4ac-4406-bb39-cb13d65c65cb,202,group1,6464,0
10285,1b1109b4-0b91-412c-a4b2-26bab824f057,202,group1,7264,20
10265,14fa9390-fb89-4673-bc2c-d3a05656b2c5,202,group2,3160,34
10263,f99e7ea4-e2f3-45df-8ff4-2bc7891e3fcd,202,group2,4323,0
10293,3ebd88f6-4632-4795-88ba-af9e83091523,202,group2,4237,0
10300,c44aa3cd-f301-4ff9-897c-1ccfda670324,202,group2,4125,74
10286,b91d301a-20b2-44bc-a9a8-c3a35b3eff41,202,group2,9113,0
10266,161f32ce-5ea1-4b61-8f32-4d0156d9808a,202,group2,6351,0
10267,84879576-38cf-4f7f-bbd7-f72734fdec3a,202,group2,921,0
10288,224d48b8-c1a4-449d-9ca9-060fa94785a0,202,group1,169,0
10268,14497e41-f4be-4473-80ee-f1a5b9b67755,202,group2,9727,0
10304,ab159fd3-0e4a-4201-8c7b-ce648be9da3b,202,group2,4730,9
10270,e442187d-7da0-4e6f-a295-26de8a17287c,202,group1,6676,12
10289,b95da92f-ca67-48b3-a586-978ba5b52911,202,group2,4325,0
10271,2fb5593c-0ce7-417f-9652-5f37c4b38011,202,group2,3177,17
10269,7b07e151-72a3-4d97-8a29-0d7433b40c33,202,group1,8791,16
10290,6ef7f119-3309-4a24-915b-de7e94235093,202,group2,104,0
10273,67ca3362-c6fb-4810-a1e2-8231ce309209,202,group2,8470,17
10274,54644e21-9a50-43da-83bf-8fd858be9a3c,202,group2,9706,0
10283,3491baf8-b30c-4fdf-b856-a2bd00660294,202,,402,20
10291,b373fa3a-64de-4ffa-9db1-5af2b8005adc,202,group2,1598,0
10275,5693086b-0f59-481f-a121-199a749eb759,202,group1,4595,0
10310,af1596af-e47a-4403-a95a-49b8765173b2,202,,9808,0
10307,72aa0879-3e2c-4c91-832b-c116c8864b98,202,group2,225,29
10292,127fd909-5bc1-4711-8c5d-9063567fefa0,202,group2,5699,0
10277,ff5f54da-9447-4aaa-8a0f-a6d9c9eb7e9d,202,group2,4455,0
10262,7ceaf727-ec93-412e-be2f-2f60c2dc776c,202,group2,2895,77
10296,0d9f66e1-a317-488f-b709-1a669e63b78f,202,group2,9340,53
10311,b91d20e9-8ff4-4493-9a55-c53ccdf16af3,202,,886,0
10280,ca949d6d-ebb6-4e83-bcf8-d078c385c274,202,group1,2981,10
10279,dcb522e0-3954-44a3-b72e-7b008b4f4f04,202,group2,8787,55
10305,986a0d5e-97ec-487c-b9fb-fb72bb44b053,202,group2,5135,0
10308,4bfd9d42-b09b-4a46-90a9-dc069ea309ac,202,,2120,0
10295,14124dc6-1d0e-4e10-85fd-7f1184c3b08b,202,group2,4221,46
10278,eae9a386-69b2-48eb-b8a2-2dec1a9549e8,202,group2,6288,34
10281,e21e4f11-e9fd-4272-846b-627b1457b81b,202,group1,6076,30
10299,a9928caa-1d85-4675-8aa9-df4690ffe882,202,group2,4231,0
10303,e72ddb92-8036-47b7-a0d2-cca4fc10dcaf,202,group2,9189,95
10294,9f8b6129-70e9-438f-b1f2-bcd1de53e7ea,202,group2,3464,0
10276,50220657-15c5-4b03-8980-ce58523783b5,202,group1,3058,10
10309,c6b93813-ad53-46d9-b35d-5f7601535aa4,202,,7228,0
10272,111f7c70-a086-465a-94fe-8cbf36f99380,202,group2,3249,68
10298,932d2b38-0127-49d3-abc3-317b455f6446,202,group1,2532,38
10301,18dea694-f178-4a67-8e7b-0db3f818f1d6,202,group2,5467,89
10306,11afc9d8-abf4-4c3d-83d8-9bc837193336,202,group2,9575,0
10287,685fcb49-3f36-41a2-8f7b-05124faa25fc,202,group2,2370,22
10264,656ac1c4-2d78-4676-8d76-1603bd945c2a,202,group2,8725,26
10284,3a0f9526-1c83-4019-ad3a-aa2408622f81,202,group1,7761,75
